{"cameraMode":{"drawMode":0,"name":"Shaded","section":"Shading Mode"},"sceneLighting":true,"audioPlay":false,"sceneViewState":{"showFog":true,"showMaterialUpdate":false,"showSkybox":true,"showFlares":true,"showImageEffects":true,"showParticleSystems":true},"in2DMode":false,"pivot":{"x":23.763015747070314,"y":9.008025169372559,"z":65.3614501953125},"rotation":{"x":-0.10492045432329178,"y":-0.5632324814796448,"z":0.07237690687179566,"w":-0.8164187669754028},"size":161.21743774414063,"orthographic":false}