{"cameraMode":{"drawMode":0,"name":"Shaded","section":"Shading Mode"},"sceneLighting":true,"audioPlay":false,"sceneViewState":{"showFog":true,"showMaterialUpdate":false,"showSkybox":true,"showFlares":true,"showImageEffects":true,"showParticleSystems":true},"in2DMode":false,"pivot":{"x":12.513099670410157,"y":5.901212692260742,"z":-13.908592224121094},"rotation":{"x":0.04250863566994667,"y":-0.9107534885406494,"z":0.09745445102453232,"w":0.3995490074157715},"size":6.415502548217773,"orthographic":false}