{"cameraMode":{"drawMode":0,"name":"Shaded","section":"Shading Mode"},"sceneLighting":true,"audioPlay":false,"sceneViewState":{"showFog":true,"showMaterialUpdate":false,"showSkybox":true,"showFlares":true,"showImageEffects":true,"showParticleSystems":true},"in2DMode":false,"pivot":{"x":2.641462802886963,"y":-1.9518760442733765,"z":46.450618743896487},"rotation":{"x":0.030605217441916467,"y":-0.9432538151741028,"z":0.08959481120109558,"w":0.31863340735435488},"size":10.665664672851563,"orthographic":false}