{"cameraMode":{"drawMode":0,"name":"Shaded","section":"Shading Mode"},"sceneLighting":true,"audioPlay":false,"sceneViewState":{"showFog":true,"showMaterialUpdate":false,"showSkybox":true,"showFlares":true,"showImageEffects":true,"showParticleSystems":true},"in2DMode":false,"pivot":{"x":13.202738761901856,"y":5.520440101623535,"z":-14.940656661987305},"rotation":{"x":-0.1272846907377243,"y":-0.8718400597572327,"z":0.3198130130767822,"w":-0.3491402566432953},"size":7.332311630249023,"orthographic":false}