{"cameraMode":{"drawMode":0,"name":"Shaded","section":"Shading Mode"},"sceneLighting":true,"audioPlay":false,"sceneViewState":{"showFog":true,"showMaterialUpdate":false,"showSkybox":true,"showFlares":true,"showImageEffects":true,"showParticleSystems":true},"in2DMode":false,"pivot":{"x":19.239999771118165,"y":83.0199966430664,"z":-8.079999923706055},"rotation":{"x":0.42211854457855227,"y":0.3792353868484497,"z":-0.20017844438552857,"w":0.7989283800125122},"size":6.034627914428711,"orthographic":false}