{"cameraMode":{"drawMode":0,"name":"Shaded","section":"Shading Mode"},"sceneLighting":true,"audioPlay":false,"sceneViewState":{"showFog":true,"showMaterialUpdate":false,"showSkybox":true,"showFlares":true,"showImageEffects":true,"showParticleSystems":true},"in2DMode":false,"pivot":{"x":7.657712459564209,"y":13.379087448120118,"z":-13.642485618591309},"rotation":{"x":-0.01973370835185051,"y":-0.9698407649993897,"z":0.22964608669281007,"w":-0.08339252322912216},"size":43.222965240478519,"orthographic":false}